[
    {
        "utilisateur": "aaaa",
        "date_connexion": "2025-07-10 08:57:10",
        "connect": true,
        "tentative": false
    },
    {
        "utilisateur": "aaaa",
        "date_connexion": "2025-07-10 09:15:23",
        "connect": true,
        "tentative": false
    },
    {
        "utilisateur": "aaaa",
        "date_connexion": "2025-07-10 09:55:32",
        "connect": true,
        "tentative": false
    },
    {
        "utilisateur": "aaaa",
        "date_deconnexion": "2025-07-10 11:07:26",
        "connect": false
    },
    {
        "utilisateur": "aaaa",
        "date_connexion": "2025-07-10 11:07:56",
        "connect": true,
        "tentative": false
    },
    {
        "utilisateur": "aaaa",
        "date_deconnexion": "2025-07-10 11:22:51",
        "connect": false
    },
    {
        "utilisateur": "aaaa",
        "date_connexion": "2025-07-10 11:23:51",
        "connect": true,
        "tentative": false
    },
    {
        "utilisateur": "aaaa",
        "date_deconnexion": "2025-07-10 11:36:20",
        "connect": false
    },
    {
        "utilisateur": "aaaa",
        "date_connexion": "2025-07-10 11:44:28",
        "connect": true,
        "tentative": false
    },
    {
        "utilisateur": "aaaa",
        "date_deconnexion": "2025-07-10 12:18:53",
        "connect": false
    },
    {
        "utilisateur": "aaaa",
        "date_connexion": "2025-07-10 12:19:24",
        "connect": true,
        "tentative": false
    },
    {
        "utilisateur": "aaaa",
        "date_connexion": "2025-07-10 12:23:22",
        "connect": true,
        "tentative": false
    },
    {
        "utilisateur": "aaaa",
        "date_connexion": "2025-07-10 12:35:42",
        "connect": true,
        "tentative": false
    },
    {
        "utilisateur": "aaaa",
        "date_connexion": "2025-07-10 12:46:44",
        "connect": true,
        "tentative": false
    },
    {
        "utilisateur": "aaaa",
        "date_connexion": "2025-07-10 12:47:43",
        "connect": true,
        "tentative": false
    },
    {
        "utilisateur": "aaaa",
        "date_connexion": "2025-07-10 12:51:15",
        "connect": true,
        "tentative": false
    },
    {
        "utilisateur": "aaaa",
        "date_connexion": "2025-07-10 12:53:44",
        "connect": true,
        "tentative": false
    },
    {
        "utilisateur": "aaaa",
        "date_deconnexion": "2025-07-10 12:54:34",
        "connect": false
    },
    {
        "utilisateur": "aaaa",
        "date_connexion": "2025-07-10 12:54:57",
        "connect": true,
        "tentative": false
    },
    {
        "utilisateur": "aaaa",
        "date_connexion": "2025-07-10 12:59:15",
        "connect": true,
        "tentative": false
    },
    {
        "utilisateur": "aaaa",
        "date_connexion": "2025-07-10 12:59:56",
        "connect": true,
        "tentative": false
    },
    {
        "utilisateur": "aaaa",
        "date_deconnexion": "2025-07-10 13:00:45",
        "connect": false
    },
    {
        "utilisateur": "aaaa",
        "date_connexion": "2025-07-10 13:00:55",
        "connect": true,
        "tentative": false
    },
    {
        "utilisateur": "aaaa",
        "date_deconnexion": "2025-07-10 13:16:36",
        "connect": false
    },
    {
        "utilisateur": "zzzz",
        "date_connexion": "2025-07-10 13:16:44",
        "connect": false,
        "tentative": true
    },
    {
        "utilisateur": "rrrr",
        "date_connexion": "2025-07-10 13:16:55",
        "connect": false,
        "tentative": true
    },
    {
        "utilisateur": "yyyy",
        "date_connexion": "2025-07-10 13:17:15",
        "connect": true,
        "tentative": false
    },
    {
        "utilisateur": "aaaa",
        "date_connexion": "2025-07-10 13:32:53",
        "connect": true,
        "tentative": false
    },
    {
        "utilisateur": "aaaa",
        "date_connexion": "2025-07-10 14:27:00",
        "connect": true,
        "tentative": false
    },
    {
        "utilisateur": "aaaa",
        "date_connexion": "2025-07-10 14:45:25",
        "connect": true,
        "tentative": false
    },
    {
        "utilisateur": "aaaa",
        "date_deconnexion": "2025-07-10 14:51:56",
        "connect": false
    },
    {
        "utilisateur": "aaaa",
        "date_connexion": "2025-07-10 15:00:07",
        "connect": true,
        "tentative": false
    },
    {
        "utilisateur": "aaaa",
        "date_connexion": "2025-07-10 15:23:51",
        "connect": true,
        "tentative": false
    },
    {
        "utilisateur": "aaaa",
        "date_connexion": "2025-07-10 15:30:25",
        "connect": true,
        "tentative": false
    },
    {
        "utilisateur": "aaaa",
        "date_connexion": "2025-07-10 15:35:01",
        "connect": true,
        "tentative": false
    },
    {
        "utilisateur": "aaaa",
        "date_connexion": "2025-07-10 15:37:52",
        "connect": true,
        "tentative": false
    },
    {
        "utilisateur": "aaaa",
        "date_connexion": "2025-07-10 15:39:17",
        "connect": true,
        "tentative": false
    },
    {
        "utilisateur": "aaaa",
        "date_connexion": "2025-07-10 16:25:07",
        "connect": true,
        "tentative": false
    },
    {
        "utilisateur": "aaaa",
        "date_connexion": "2025-07-10 16:29:46",
        "connect": true,
        "tentative": false
    },
    {
        "utilisateur": "aaaa",
        "date_connexion": "2025-07-10 16:31:36",
        "connect": true,
        "tentative": false
    },
    {
        "utilisateur": "aaaa",
        "date_connexion": "2025-07-10 16:43:44",
        "connect": true,
        "tentative": false
    },
    {
        "utilisateur": "aaaa",
        "date_deconnexion": "2025-07-10 17:51:38",
        "connect": false
    },
    {
        "utilisateur": "aaaa",
        "date_connexion": "2025-07-10 17:52:09",
        "connect": true,
        "tentative": false
    },
    {
        "utilisateur": "aaaa",
        "date_connexion": "2025-07-10 17:58:20",
        "connect": true,
        "tentative": false
    },
    {
        "utilisateur": "aaaa",
        "date_connexion": "2025-07-10 18:04:08",
        "connect": true,
        "tentative": false
    },
    {
        "utilisateur": "aaaa",
        "date_connexion": "2025-07-10 18:06:14",
        "connect": true,
        "tentative": false
    },
    {
        "utilisateur": "aaaa",
        "date_connexion": "2025-07-10 18:39:54",
        "connect": true,
        "tentative": false
    },
    {
        "utilisateur": "aaaa",
        "date_connexion": "2025-07-10 18:40:55",
        "connect": true,
        "tentative": false
    },
    {
        "utilisateur": "aaaa",
        "date_connexion": "2025-07-10 20:53:51",
        "connect": true,
        "tentative": false
    },
    {
        "utilisateur": "aaaa",
        "date_connexion": "2025-07-10 20:59:40",
        "connect": true,
        "tentative": false
    },
    {
        "utilisateur": "aaaa",
        "date_deconnexion": "2025-07-10 21:02:19",
        "connect": false
    },
    {
        "utilisateur": "aaaa",
        "date_connexion": "2025-07-10 21:02:39",
        "connect": true,
        "tentative": false
    },
    {
        "utilisateur": "aaaa",
        "date_connexion": "2025-07-10 21:07:30",
        "connect": true,
        "tentative": false
    },
    {
        "utilisateur": "aaaa",
        "date_connexion": "2025-07-10 21:14:15",
        "connect": true,
        "tentative": false
    },
    {
        "utilisateur": "aaaa",
        "date_connexion": "2025-07-10 21:15:05",
        "connect": true,
        "tentative": false
    },
    {
        "utilisateur": "aaaa",
        "date_connexion": "2025-07-10 21:16:51",
        "connect": true,
        "tentative": false
    },
    {
        "utilisateur": "aaaa",
        "date_connexion": "2025-07-10 21:18:13",
        "connect": true,
        "tentative": false
    },
    {
        "utilisateur": "aaaa",
        "date_connexion": "2025-07-10 21:29:42",
        "connect": true,
        "tentative": false
    },
    {
        "utilisateur": "aaaa",
        "date_connexion": "2025-07-10 21:44:36",
        "connect": true,
        "tentative": false
    },
    {
        "utilisateur": "aaaa",
        "date_connexion": "2025-07-10 22:23:18",
        "connect": true,
        "tentative": false
    },
    {
        "utilisateur": "aaaa",
        "date_connexion": "2025-07-10 22:41:33",
        "connect": true,
        "tentative": false
    },
    {
        "utilisateur": "aaaa",
        "date_connexion": "2025-07-11 00:02:44",
        "connect": true,
        "tentative": false
    },
    {
        "utilisateur": "aaaa",
        "date_connexion": "2025-07-11 11:43:30",
        "connect": true,
        "tentative": false
    },
    {
        "utilisateur": "aaaa",
        "date_deconnexion": "2025-07-11 11:46:42",
        "connect": false
    },
    {
        "utilisateur": "aaaa",
        "date_connexion": "2025-07-11 11:47:27",
        "connect": true,
        "tentative": false
    },
    {
        "utilisateur": "aaaa",
        "date_deconnexion": "2025-07-11 11:48:49",
        "connect": false
    },
    {
        "utilisateur": "aaaa",
        "date_connexion": "2025-07-11 11:49:14",
        "connect": true,
        "tentative": false
    },
    {
        "utilisateur": "aaaa",
        "date_deconnexion": "2025-07-11 11:53:30",
        "connect": false
    },
    {
        "utilisateur": "aaaa",
        "date_connexion": "2025-07-11 11:53:41",
        "connect": true,
        "tentative": false
    },
    {
        "utilisateur": "aaaa",
        "date_deconnexion": "2025-07-11 11:57:36",
        "connect": false
    },
    {
        "utilisateur": "aaaa",
        "date_connexion": "2025-07-11 11:57:52",
        "connect": true,
        "tentative": false
    },
    {
        "utilisateur": "aaaa",
        "date_connexion": "2025-07-11 12:01:10",
        "connect": true,
        "tentative": false
    },
    {
        "utilisateur": "aaaa",
        "date_connexion": "2025-07-11 12:02:21",
        "connect": true,
        "tentative": false
    },
    {
        "utilisateur": "aaaa",
        "date_connexion": "2025-07-11 12:03:42",
        "connect": true,
        "tentative": false
    },
    {
        "utilisateur": "aaaa",
        "date_connexion": "2025-07-11 12:06:04",
        "connect": true,
        "tentative": false
    },
    {
        "utilisateur": "aaaa",
        "date_connexion": "2025-07-11 12:12:46",
        "connect": true,
        "tentative": false
    },
    {
        "utilisateur": "aaaa",
        "date_connexion": "2025-07-11 12:16:40",
        "connect": true,
        "tentative": false
    },
    {
        "utilisateur": "aaaa",
        "date_deconnexion": "2025-07-11 12:21:15",
        "connect": false
    },
    {
        "utilisateur": "aaaa",
        "date_connexion": "2025-07-11 12:21:39",
        "connect": true,
        "tentative": false
    },
    {
        "utilisateur": "aaaa",
        "date_connexion": "2025-07-11 12:31:22",
        "connect": true,
        "tentative": false
    },
    {
        "utilisateur": "aaaa",
        "date_connexion": "2025-07-11 12:42:50",
        "connect": true,
        "tentative": false
    },
    {
        "utilisateur": "aaaaaaaa",
        "date_connexion": "2025-07-11 19:37:39",
        "connect": true,
        "tentative": false
    },
    {
        "utilisateur": "aaaaaaaa",
        "date_connexion": "2025-07-11 19:44:53",
        "connect": true,
        "tentative": false
    },
    {
        "utilisateur": "aaaaaaaa",
        "date_deconnexion": "2025-07-11 22:03:48",
        "connect": false
    },
    {
        "utilisateur": "aaaaaaaa",
        "date_connexion": "2025-07-11 22:30:57",
        "connect": false,
        "tentative": true
    },
    {
        "utilisateur": "aaaaaaaa",
        "date_connexion": "2025-07-11 22:31:08",
        "connect": true,
        "tentative": false
    }
]