[
    {
        "utilisateur": "aaaa",
        "date_connexion": "2025-07-10 08:57:10",
        "connect": true,
        "tentative": false
    },
    {
        "utilisateur": "aaaa",
        "date_connexion": "2025-07-10 09:15:23",
        "connect": true,
        "tentative": false
    },
    {
        "utilisateur": "aaaa",
        "date_connexion": "2025-07-10 09:55:32",
        "connect": true,
        "tentative": false
    },
    {
        "utilisateur": "aaaa",
        "date_deconnexion": "2025-07-10 11:07:26",
        "connect": false
    },
    {
        "utilisateur": "aaaa",
        "date_connexion": "2025-07-10 11:07:56",
        "connect": true,
        "tentative": false
    },
    {
        "utilisateur": "aaaa",
        "date_deconnexion": "2025-07-10 11:22:51",
        "connect": false
    },
    {
        "utilisateur": "aaaa",
        "date_connexion": "2025-07-10 11:23:51",
        "connect": true,
        "tentative": false
    },
    {
        "utilisateur": "aaaa",
        "date_deconnexion": "2025-07-10 11:36:20",
        "connect": false
    }
]