[
  {
    "id": 1,
    "date_debut": "2025-07-10 08:57:32",
    "date_fin": "2025-07-10 09:15:29",
    "equipements": [
      {
        "mac": "CA:01:3F:7D:00:1C",
        "name": "ze"
      },
      {
        "mac": "0C:D8:E1:9D:00:00",
        "name": "mik"
      }
    ],
    "status": "succes",
    "utilisateur": "aaaa",
    "intervalle": "0j 0h 2m 0s",
    "intervalle_secondes": 120
  },
  {
    "id": 2,
    "date_debut": "2025-07-10 10:00:11",
    "date_fin": "2025-07-10 11:06:49",
    "equipements": [
      {
        "mac": "CA:01:3F:7D:00:1C",
        "name": "ze"
      },
      {
        "mac": "0C:D8:E1:9D:00:00",
        "name": "mik"
      }
    ],
    "status": "succes",
    "utilisateur": "aaaa",
    "intervalle": "0j 0h 2m 0s",
    "intervalle_secondes": 120
  },
  {
    "id": 3,
    "date_debut": "2025-07-10 11:09:08",
    "date_fin": "2025-07-10 11:22:43",
    "equipements": [
      {
        "mac": "CA:01:3F:7D:00:1C",
        "name": "ze"
      },
      {
        "mac": "0C:D8:E1:9D:00:00",
        "name": "mik"
      }
    ],
    "status": "succes",
    "utilisateur": "aaaa",
    "intervalle": "0j 0h 2m 0s",
    "intervalle_secondes": 120
  },
  {
    "id": 4,
    "date_debut": "2025-07-10 11:47:03",
    "date_fin": "2025-07-10 11:52:24",
    "equipements": [
      {
        "mac": "CA:01:3F:7D:00:1C",
        "name": "ze"
      },
      {
        "mac": "0C:D8:E1:9D:00:00",
        "name": "mik"
      }
    ],
    "status": "succes",
    "utilisateur": "aaaa",
    "intervalle": "0j 0h 2m 0s",
    "intervalle_secondes": 120
  },
  {
    "id": 5,
    "date_debut": "2025-07-10 12:19:48",
    "date_fin": "2025-07-10 12:22:48",
    "equipements": [
      {
        "mac": "CA:01:3F:7D:00:1C",
        "name": "ze"
      },
      {
        "mac": "0C:D8:E1:9D:00:00",
        "name": "mik"
      }
    ],
    "status": "succes",
    "utilisateur": "aaaa",
    "intervalle": "0j 0h 2m 0s",
    "intervalle_secondes": 120
  },
  {
    "id": 6,
    "date_debut": "2025-07-10 12:24:57",
    "date_fin": "2025-07-10 12:29:35",
    "equipements": [
      {
        "mac": "CA:01:3F:7D:00:1C",
        "name": "ze"
      },
      {
        "mac": "0C:D8:E1:9D:00:00",
        "name": "mik"
      }
    ],
    "status": "succes",
    "utilisateur": "aaaa",
    "intervalle": "0j 0h 2m 0s",
    "intervalle_secondes": 120
  },
  {
    "id": 7,
    "date_debut": "2025-07-10 12:40:13",
    "date_fin": "2025-07-10 12:46:50",
    "equipements": [
      {
        "mac": "CA:01:3F:7D:00:1C",
        "name": "ze"
      },
      {
        "mac": "0C:D8:E1:9D:00:00",
        "name": "mik"
      }
    ],
    "status": "succes",
    "utilisateur": "aaaa",
    "intervalle": "0j 0h 2m 0s",
    "intervalle_secondes": 120
  },
  {
    "id": 8,
    "date_debut": "2025-07-10 13:03:03",
    "date_fin": "2025-07-10 13:15:31",
    "equipements": [
      {
        "mac": "CA:01:3F:7D:00:1C",
        "name": "ze"
      },
      {
        "mac": "0C:D8:E1:9D:00:00",
        "name": "mik"
      }
    ],
    "status": "succes",
    "utilisateur": "aaaa",
    "intervalle": "0j 0h 2m 0s",
    "intervalle_secondes": 120
  },
  {
    "id": 9,
    "date_debut": "2025-07-10 14:22:53",
    "date_fin": "2025-07-10 14:23:39",
    "equipements": [
      {
        "mac": "CA:01:3F:7D:00:1C",
        "name": "ze"
      },
      {
        "mac": "0C:D8:E1:9D:00:00",
        "name": "mik"
      }
    ],
    "status": "succes",
    "utilisateur": "aaaa",
    "intervalle": "0j 0h 2m 0s",
    "intervalle_secondes": 120
  },
  {
    "id": 10,
    "date_debut": "2025-07-10 14:29:24",
    "date_fin": "2025-07-10 14:30:03",
    "equipements": [
      {
        "mac": "CA:01:3F:7D:00:1C",
        "name": "ze"
      },
      {
        "mac": "0C:D8:E1:9D:00:00",
        "name": "mik"
      }
    ],
    "status": "succes",
    "utilisateur": "aaaa",
    "intervalle": "0j 0h 2m 0s",
    "intervalle_secondes": 120
  },
  {
    "id": 11,
    "date_debut": "2025-07-10 14:51:51",
    "date_fin": "2025-07-10 15:00:13",
    "equipements": [
      {
        "mac": "CA:01:3F:7D:00:1C",
        "name": "ze"
      },
      {
        "mac": "0C:D8:E1:9D:00:00",
        "name": "mik"
      }
    ],
    "status": "succes",
    "utilisateur": "aaaa",
    "intervalle": "0j 0h 2m 0s",
    "intervalle_secondes": 120
  },
  {
    "id": 12,
    "date_debut": "2025-07-10 22:43:09",
    "date_fin": "2025-07-10 22:53:51",
    "equipements": [
      {
        "mac": "CA:01:3F:7D:00:1C",
        "name": "ze"
      },
      {
        "mac": "0C:D8:E1:9D:00:00",
        "name": "mik"
      }
    ],
    "status": "succes",
    "utilisateur": "aaaa",
    "intervalle": "0j 0h 2m 0s",
    "intervalle_secondes": 120
  },
  {
    "id": 13,
    "date_debut": "2025-07-10 22:56:45",
    "date_fin": "2025-07-10 22:58:28",
    "equipements": [
      {
        "mac": "CA:01:3F:7D:00:1C",
        "name": "ze"
      },
      {
        "mac": "0C:D8:E1:9D:00:00",
        "name": "mik"
      },
      {
        "mac": "0C:AC:9C:32:00:00",
        "name": "Forti"
      }
    ],
    "status": "succes",
    "utilisateur": "aaaa",
    "intervalle": "0j 0h 2m 0s",
    "intervalle_secondes": 120
  },
  {
    "id": 14,
    "date_debut": "2025-07-11 22:35:36",
    "date_fin": null,
    "equipements": [
      {
        "mac": "CA:01:3F:7D:00:1C",
        "name": "ze"
      },
      {
        "mac": "0C:D8:E1:9D:00:00",
        "name": "mik"
      },
      {
        "mac": "0C:AC:9C:32:00:00",
        "name": "Forti"
      }
    ],
    "status": "succes",
    "utilisateur": "aaaaaaaa",
    "intervalle": "0j 0h 2m 0s",
    "intervalle_secondes": 120
  }
]