[
  {
    "id": 1,
    "date_debut": "2025-07-10 08:57:32",
    "date_fin": "2025-07-10 09:15:29",
    "equipements": [
      {
        "mac": "CA:01:3F:7D:00:1C",
        "name": "ze"
      },
      {
        "mac": "0C:D8:E1:9D:00:00",
        "name": "mik"
      }
    ],
    "status": "succes",
    "utilisateur": "aaaa",
    "intervalle": "0j 0h 2m 0s",
    "intervalle_secondes": 120
  },
  {
    "id": 2,
    "date_debut": "2025-07-10 10:00:11",
    "date_fin": "2025-07-10 11:06:49",
    "equipements": [
      {
        "mac": "CA:01:3F:7D:00:1C",
        "name": "ze"
      },
      {
        "mac": "0C:D8:E1:9D:00:00",
        "name": "mik"
      }
    ],
    "status": "succes",
    "utilisateur": "aaaa",
    "intervalle": "0j 0h 2m 0s",
    "intervalle_secondes": 120
  },
  {
    "id": 3,
    "date_debut": "2025-07-10 11:09:08",
    "date_fin": "2025-07-10 11:22:43",
    "equipements": [
      {
        "mac": "CA:01:3F:7D:00:1C",
        "name": "ze"
      },
      {
        "mac": "0C:D8:E1:9D:00:00",
        "name": "mik"
      }
    ],
    "status": "succes",
    "utilisateur": "aaaa",
    "intervalle": "0j 0h 2m 0s",
    "intervalle_secondes": 120
  }
]