[
    {
        "id": 1,
        "equipement": {
            "mac": "0C:D8:E1:9D:00:00",
            "name": "mik",
            "ip": "192.168.10.4",
            "type": "MikroTik",
            "system": "default"
        },
        "fichiers_utilises": "mikrotik_0C-D8-E1-9D-00-00_2025-07-10_14-29-41.rsc",
        "date_execution": "2025-07-10 14:33:18",
        "username": "aaaa",
        "type_operation": "restauration",
        "status": "succ\u00e8s"
    },
    {
        "id": 2,
        "equipement": {
            "mac": "CA:01:3F:7D:00:1C",
            "name": "ze",
            "ip": "192.168.10.6",
            "type": "Cisco",
            "system": "IOS"
        },
        "fichiers_utilises": "cisco_ios_CA-01-3F-7D-00-1C_2025-07-10_14-29-53.cfg",
        "date_execution": "2025-07-10 14:37:37",
        "username": "aaaa",
        "type_operation": "restauration",
        "status": "succ\u00e8s"
    },
    {
        "id": 3,
        "equipement": {
            "mac": "inconnu",
            "name": "inconnu",
            "ip": "192.168.10.4",
            "type": "MikroTik",
            "system": "default"
        },
        "fichiers_utilises": "mikrotik_0C-D8-E1-9D-00-00_2025-07-10_14-29-41.rsc",
        "date_execution": "2025-07-10 14:39:39",
        "username": "aaaa",
        "type_operation": "restauration",
        "status": "\u00e9chec"
    },
    {
        "id": 4,
        "equipement": {
            "mac": "inconnu",
            "name": "inconnu",
            "ip": "192.168.10.4",
            "type": "MikroTik",
            "system": "default"
        },
        "fichiers_utilises": "mikrotik_0C-D8-E1-9D-00-00_2025-07-10_14-29-41.rsc",
        "date_execution": "2025-07-10 14:40:34",
        "username": "aaaa",
        "type_operation": "restauration",
        "status": "\u00e9chec"
    },
    {
        "id": 5,
        "equipement": {
            "mac": "inconnu",
            "name": "inconnu",
            "ip": "192.168.10.4",
            "type": "MikroTik",
            "system": "default"
        },
        "fichiers_utilises": "mikrotik_0C-D8-E1-9D-00-00_2025-07-10_14-29-41.rsc",
        "date_execution": "2025-07-10 14:45:40",
        "username": "aaaa",
        "type_operation": "restauration",
        "status": "\u00e9chec"
    },
    {
        "id": 6,
        "equipement": {
            "mac": "inconnu",
            "name": "inconnu",
            "ip": "192.168.10.4",
            "type": "MikroTik",
            "system": "default"
        },
        "fichiers_utilises": "mikrotik_0C-D8-E1-9D-00-00_2025-07-10_14-29-41.rsc",
        "date_execution": "2025-07-10 14:46:53",
        "username": "aaaa",
        "type_operation": "restauration",
        "status": "\u00e9chec"
    },
    {
        "id": 7,
        "equipement": {
            "mac": "inconnu",
            "name": "inconnu",
            "ip": "192.168.10.4",
            "type": "MikroTik",
            "system": "default"
        },
        "fichiers_utilises": "mikrotik_0C-D8-E1-9D-00-00_2025-07-10_14-29-41.rsc",
        "date_execution": "2025-07-10 15:05:41",
        "username": "aaaa",
        "type_operation": "restauration",
        "status": "\u00e9chec"
    },
    {
        "id": 8,
        "equipement": {
            "mac": "inconnu",
            "name": "inconnu",
            "ip": "192.168.10.4",
            "type": "MikroTik",
            "system": "default"
        },
        "fichiers_utilises": "mikrotik_0C-D8-E1-9D-00-00_2025-07-10_14-29-41.rsc",
        "date_execution": "2025-07-10 15:06:40",
        "username": "aaaa",
        "type_operation": "restauration",
        "status": "\u00e9chec"
    },
    {
        "id": 9,
        "equipement": {
            "mac": "0C:D8:E1:9D:00:00",
            "name": "mik",
            "ip": "192.168.10.4",
            "type": "MikroTik",
            "system": "default"
        },
        "fichiers_utilises": "mikrotik_0C-D8-E1-9D-00-00_2025-07-10_14-52-09.rsc",
        "date_execution": "2025-07-10 15:07:11",
        "username": "aaaa",
        "type_operation": "restauration",
        "status": "succ\u00e8s"
    }
]