[
  {
    "mac": "CA:01:3F:7D:00:1C",
    "ip": "192.168.10.6",
    "status": true,
    "name": "router",
    "system": "IOS",
    "credentials": {
      "username": "admin",
      "password": "Cisco2025",
      "enable_password": null
    },
    "sauvegarde": false,
    "subnet": null,
    "ftp_server": null,
    "id": 1
  },
  {
    "mac": "0C:A3:D2:13:00:01",
    "ip": "192.168.10.7",
    "status": true,
    "name": "aaa",
    "system": "ASA",
    "credentials": {
      "username": "admin",
      "password": "CiscoASA2025",
      "enable_password": "CiscoASA2025"
    },
    "sauvegarde": false,
    "subnet": null,
    "ftp_server": null,
    "id": 2
  }
]