[
    {
        "utilisateur": "aaaaaaaa",
        "date_connexion": "2025-07-17 22:59:38",
        "connect": false,
        "tentative": true
    },
    {
        "utilisateur": "aaaaaaaaa",
        "date_connexion": "2025-07-17 22:59:42",
        "connect": true,
        "tentative": false
    },
    {
        "utilisateur": "marsouka",
        "date_connexion": "2025-07-18 08:48:24",
        "connect": false,
        "tentative": true
    },
    {
        "utilisateur": "aaaaaaaa",
        "date_connexion": "2025-07-18 08:48:30",
        "connect": false,
        "tentative": true
    },
    {
        "utilisateur": "aaaaaaaaa",
        "date_connexion": "2025-07-18 08:48:31",
        "connect": true,
        "tentative": false
    },
    {
        "utilisateur": "aaaaaaaaa",
        "date_deconnexion": "2025-07-18 09:26:59",
        "connect": false
    },
    {
        "utilisateur": "aaaaaaaa",
        "date_connexion": "2025-07-18 10:40:28",
        "connect": false,
        "tentative": true
    },
    {
        "utilisateur": "aaaaaaaaa",
        "date_connexion": "2025-07-18 10:40:32",
        "connect": true,
        "tentative": false
    },
    {
        "utilisateur": "aaaaaaaaa",
        "date_deconnexion": "2025-07-18 10:51:13",
        "connect": false
    },
    {
        "utilisateur": "aaaaaaaa",
        "date_connexion": "2025-07-18 10:51:39",
        "connect": false,
        "tentative": true
    },
    {
        "utilisateur": "aaaaaaaaa",
        "date_connexion": "2025-07-18 10:51:41",
        "connect": true,
        "tentative": false
    },
    {
        "utilisateur": "aaaaaaaaa",
        "date_deconnexion": "2025-07-18 10:58:49",
        "connect": false
    },
    {
        "utilisateur": "aaaaaaaa",
        "date_connexion": "2025-07-18 10:59:09",
        "connect": false,
        "tentative": true
    },
    {
        "utilisateur": "aaaaaaaaa",
        "date_connexion": "2025-07-18 10:59:16",
        "connect": true,
        "tentative": false
    },
    {
        "utilisateur": "aaaaaaaaa",
        "date_deconnexion": "2025-07-18 11:01:32",
        "connect": false
    },
    {
        "utilisateur": "aaaaaaaaa",
        "date_connexion": "2025-07-18 11:01:50",
        "connect": true,
        "tentative": false
    },
    {
        "utilisateur": "aaaaaaaaa",
        "date_deconnexion": "2025-07-18 11:17:58",
        "connect": false
    },
    {
        "utilisateur": "aaaaaaaaa",
        "date_connexion": "2025-07-18 11:18:35",
        "connect": true,
        "tentative": false
    },
    {
        "utilisateur": "aaaaaaaaa",
        "date_deconnexion": "2025-07-18 11:31:42",
        "connect": false
    },
    {
        "utilisateur": "aaaaaaaa",
        "date_connexion": "2025-07-18 11:32:10",
        "connect": false,
        "tentative": true
    },
    {
        "utilisateur": "aaaaaaaaa",
        "date_connexion": "2025-07-18 11:32:13",
        "connect": true,
        "tentative": false
    },
    {
        "utilisateur": "aaaaaaaaa",
        "date_deconnexion": "2025-07-18 11:34:43",
        "connect": false
    },
    {
        "utilisateur": "aaaaaaaa",
        "date_connexion": "2025-07-18 11:41:36",
        "connect": false,
        "tentative": true
    },
    {
        "utilisateur": "aaaaaaaaa",
        "date_connexion": "2025-07-18 11:41:39",
        "connect": true,
        "tentative": false
    },
    {
        "utilisateur": "aaaaaaaaa",
        "date_deconnexion": "2025-07-18 11:48:09",
        "connect": false
    },
    {
        "utilisateur": "aaaaaaaaa",
        "date_connexion": "2025-07-18 11:48:34",
        "connect": true,
        "tentative": false
    },
    {
        "utilisateur": "aaaaaaaaa",
        "date_deconnexion": "2025-07-18 12:02:16",
        "connect": false
    },
    {
        "utilisateur": "aaaaaaaaa",
        "date_connexion": "2025-07-18 12:02:33",
        "connect": true,
        "tentative": false
    },
    {
        "utilisateur": "aaaaaaaaa",
        "date_deconnexion": "2025-07-18 12:08:03",
        "connect": false
    },
    {
        "utilisateur": "aaaaaaaaa",
        "date_connexion": "2025-07-18 12:08:29",
        "connect": true,
        "tentative": false
    },
    {
        "utilisateur": "aaaaaaaaa",
        "date_deconnexion": "2025-07-18 12:10:04",
        "connect": false
    },
    {
        "utilisateur": "aaaaaaaaa",
        "date_connexion": "2025-07-18 12:27:49",
        "connect": true,
        "tentative": false
    },
    {
        "utilisateur": "aaaaaaaaa",
        "date_deconnexion": "2025-07-18 12:41:01",
        "connect": false
    },
    {
        "utilisateur": "aaaaaaaaa",
        "date_connexion": "2025-07-18 12:41:20",
        "connect": true,
        "tentative": false
    },
    {
        "utilisateur": "aaaaaaaaa",
        "date_deconnexion": "2025-07-18 13:21:19",
        "connect": false
    },
    {
        "utilisateur": "aaaaaaaa",
        "date_connexion": "2025-07-18 13:21:52",
        "connect": false,
        "tentative": true
    },
    {
        "utilisateur": "aaaaaaaaa",
        "date_connexion": "2025-07-18 13:21:54",
        "connect": true,
        "tentative": false
    },
    {
        "utilisateur": "aaaaaaaaa",
        "date_deconnexion": "2025-07-18 13:27:08",
        "connect": false
    },
    {
        "utilisateur": "aaaaaaaaaa",
        "date_connexion": "2025-07-18 13:27:29",
        "connect": false,
        "tentative": true
    },
    {
        "utilisateur": "aaaaaaaaa",
        "date_connexion": "2025-07-18 13:27:33",
        "connect": true,
        "tentative": false
    },
    {
        "utilisateur": "aaaaaaaaa",
        "date_deconnexion": "2025-07-18 13:29:08",
        "connect": false
    },
    {
        "utilisateur": "aaaaaaaaa",
        "date_connexion": "2025-07-18 13:29:31",
        "connect": true,
        "tentative": false
    },
    {
        "utilisateur": "aaaaaaaaa",
        "date_deconnexion": "2025-07-18 13:38:49",
        "connect": false
    },
    {
        "utilisateur": "aaaaaaaaa",
        "date_connexion": "2025-07-18 13:39:08",
        "connect": true,
        "tentative": false
    },
    {
        "utilisateur": "aaaaaaaaa",
        "date_deconnexion": "2025-07-18 13:41:14",
        "connect": false
    },
    {
        "utilisateur": "aaaaaaaaa",
        "date_connexion": "2025-07-18 13:41:45",
        "connect": true,
        "tentative": false
    },
    {
        "utilisateur": "aaaaaaaaa",
        "date_deconnexion": "2025-07-18 14:31:17",
        "connect": false
    },
    {
        "utilisateur": "aaaaaaaaa",
        "date_connexion": "2025-07-18 14:32:03",
        "connect": true,
        "tentative": false
    },
    {
        "utilisateur": "aaaaaaaaa",
        "date_deconnexion": "2025-07-18 14:36:40",
        "connect": false
    },
    {
        "utilisateur": "aaaaaaaaa",
        "date_connexion": "2025-07-18 14:37:02",
        "connect": true,
        "tentative": false
    },
    {
        "utilisateur": "aaaaaaaaa",
        "date_deconnexion": "2025-07-18 14:41:08",
        "connect": false
    },
    {
        "utilisateur": "aaaaaaaa",
        "date_connexion": "2025-07-18 14:41:31",
        "connect": false,
        "tentative": true
    },
    {
        "utilisateur": "aaaaaaaaa",
        "date_connexion": "2025-07-18 14:41:35",
        "connect": true,
        "tentative": false
    },
    {
        "utilisateur": "aaaaaaaaa",
        "date_deconnexion": "2025-07-18 14:42:38",
        "connect": false
    },
    {
        "utilisateur": "aaaaaaaaa",
        "date_connexion": "2025-07-18 14:43:02",
        "connect": true,
        "tentative": false
    },
    {
        "utilisateur": "aaaaaaaaa",
        "date_deconnexion": "2025-07-18 14:46:07",
        "connect": false
    },
    {
        "utilisateur": "aaaaaaaaa",
        "date_connexion": "2025-07-18 19:23:00",
        "connect": true,
        "tentative": false
    },
    {
        "utilisateur": "aaaaaaaaa",
        "date_deconnexion": "2025-07-18 19:23:16",
        "connect": false
    }
]