[
  {
    "id": 1,
    "date_debut": "2025-07-17 23:02:30",
    "date_fin": "2025-07-17 23:06:21",
    "equipements": [
      {
        "mac": "CA:01:3F:7D:00:1C",
        "name": "router"
      }
    ],
    "status": "succes",
    "utilisateur": "aaaaaaaaa",
    "intervalle": "0j 0h 2m 0s",
    "intervalle_secondes": 120
  },
  {
    "id": 2,
    "date_debut": "2025-07-17 23:17:27",
    "date_fin": "2025-07-17 23:17:51",
    "equipements": [
      {
        "mac": "CA:01:3F:7D:00:1C",
        "name": "router"
      },
      {
        "mac": "0C:A3:D2:13:00:01",
        "name": "aaa"
      }
    ],
    "status": "succes",
    "utilisateur": "aaaaaaaaa",
    "intervalle": "0j 0h 2m 0s",
    "intervalle_secondes": 120
  },
  {
    "id": 3,
    "date_debut": "2025-07-17 23:42:32",
    "date_fin": "2025-07-17 23:58:48",
    "equipements": [
      {
        "mac": "CA:01:3F:7D:00:1C",
        "name": "router"
      },
      {
        "mac": "0C:A3:D2:13:00:01",
        "name": "aaa"
      },
      {
        "mac": "0C:AC:9C:32:00:00",
        "name": "fort"
      }
    ],
    "status": "succes",
    "utilisateur": "aaaaaaaaa",
    "intervalle": "0j 0h 3m 0s",
    "intervalle_secondes": 180
  },
  {
    "id": 4,
    "date_debut": "2025-07-18 10:45:04",
    "date_fin": "2025-07-18 10:45:43",
    "equipements": [
      {
        "mac": "CA:01:3F:7D:00:1C",
        "name": "router"
      },
      {
        "mac": "0C:A3:D2:13:00:01",
        "name": "aaa"
      },
      {
        "mac": "0C:AC:9C:32:00:00",
        "name": "fort"
      }
    ],
    "status": "succes",
    "utilisateur": "aaaaaaaaa",
    "intervalle": "0j 0h 2m 0s",
    "intervalle_secondes": 120
  },
  {
    "id": 5,
    "date_debut": "2025-07-18 13:46:35",
    "date_fin": "2025-07-18 13:47:43",
    "equipements": [
      {
        "mac": "CA:01:3F:7D:00:1C",
        "name": "router"
      },
      {
        "mac": "0C:A3:D2:13:00:01",
        "name": "aaa"
      },
      {
        "mac": "0C:AC:9C:32:00:00",
        "name": "fort"
      }
    ],
    "status": "succes",
    "utilisateur": "aaaaaaaaa",
    "intervalle": "0j 0h 3m 0s",
    "intervalle_secondes": 180
  },
  {
    "id": 6,
    "date_debut": "2025-07-18 14:34:25",
    "date_fin": "2025-07-18 14:35:03",
    "equipements": [
      {
        "mac": "CA:01:3F:7D:00:1C",
        "name": "router"
      },
      {
        "mac": "0C:A3:D2:13:00:01",
        "name": "aaa"
      },
      {
        "mac": "0C:AC:9C:32:00:00",
        "name": "fort"
      }
    ],
    "status": "succes",
    "utilisateur": "aaaaaaaaa",
    "intervalle": "0j 0h 2m 0s",
    "intervalle_secondes": 120
  }
]