[
    {
        "id": 1,
        "equipement": {
            "mac": "CA:01:3F:7D:00:1C",
            "name": "router",
            "ip": "192.168.10.6",
            "type": "Cisco",
            "system": "IOS"
        },
        "fichiers_utilises": "cisco_ios_CA-01-3F-7D-00-1C_2025-07-17_23-04-32.cfg",
        "date_execution": "2025-07-17 23:06:47",
        "username": "aaaaaaaaa",
        "type_operation": "restauration",
        "status": "succ\u00e8s"
    },
    {
        "id": 2,
        "equipement": {
            "mac": "0C:A3:D2:13:00:01",
            "name": "aaa",
            "ip": "192.168.10.7",
            "type": "Cisco",
            "system": "ASA"
        },
        "fichiers_utilises": "cisco_asa_0C-A3-D2-13-00-01_2025-07-17_23-17-33.cfg",
        "date_execution": "2025-07-17 23:19:50",
        "username": "aaaaaaaaa",
        "type_operation": "restauration",
        "status": "succ\u00e8s"
    },
    {
        "id": 3,
        "equipement": {
            "mac": "0C:A3:D2:13:00:01",
            "name": "aaa",
            "ip": "192.168.10.7",
            "type": "Cisco",
            "system": "ASA"
        },
        "fichiers_utilises": "cisco_asa_0C-A3-D2-13-00-01_2025-07-17_23-17-33.cfg",
        "date_execution": "2025-07-17 23:22:39",
        "username": "aaaaaaaaa",
        "type_operation": "restauration",
        "status": "succ\u00e8s"
    },
    {
        "id": 4,
        "equipement": {
            "mac": "0C:A3:D2:13:00:01",
            "name": "aaa",
            "ip": "192.168.10.7",
            "type": "Cisco",
            "system": "ASA"
        },
        "fichiers_utilises": "cisco_asa_0C-A3-D2-13-00-01_2025-07-18_10-45-18.cfg",
        "date_execution": "2025-07-18 10:52:13",
        "username": "aaaaaaaaa",
        "type_operation": "restauration",
        "status": "succ\u00e8s"
    },
    {
        "id": 5,
        "equipement": {
            "mac": "0C:A3:D2:13:00:01",
            "name": "aaa",
            "ip": "192.168.10.7",
            "type": "Cisco",
            "system": "ASA"
        },
        "fichiers_utilises": "cisco_asa_0C-A3-D2-13-00-01_2025-07-18_13-46-41.cfg",
        "date_execution": "2025-07-18 13:48:05",
        "username": "aaaaaaaaa",
        "type_operation": "restauration",
        "status": "succ\u00e8s"
    }
]